{
  "project_info": {
    "project_number": "290170020635",
    "project_id": "table-7c16a",
    "storage_bucket": "table-7c16a.appspot.com"
  },
  "client": [
    {
      "client_info": {
        "mobilesdk_app_id": "1:290170020635:android:5af7947d365be5213aa9be",
        "android_client_info": {
          "package_name": "com.example.bulletinboard"
        }
      },
      "oauth_client": [
        {
          "client_id": "290170020635-n3ubl5lglp6spb1helj0nh76i1375n1d.apps.googleusercontent.com",
          "client_type": 3
        }
      ],
      "api_key": [
        {
          "current_key": "AIzaSyCHz42RszI4Q96Czw5UZeEeshfmRFLwhWE"
        }
      ],
      "services": {
        "appinvite_service": {
          "other_platform_oauth_client": [
            {
              "client_id": "290170020635-n3ubl5lglp6spb1helj0nh76i1375n1d.apps.googleusercontent.com",
              "client_type": 3
            }
          ]
        }
      }
    }
  ],
  "configuration_version": "1"
}